{
    "Henrique": {
        "digital_security_quiz": {
            "total_time": 46.096301317214966,
            "attempts": 1,
            "correct_answers": 0,
            "average_time": 46.096301317214966
        }
    }
}